City_ID,City,Country,Lat,Lng,Max Temp,Humidity,Cloudiness,Wind Speed,Current Description
0,Hermanus,ZA,-34.4187,19.2345,61.9,77,89,12.93,overcast clouds
1,Dikson,RU,73.5069,80.5464,-22.02,95,69,11.59,broken clouds
2,Punta Arenas,CL,-53.15,-70.9167,50.11,66,75,20.71,broken clouds
3,Ambilobe,MG,-13.2,49.05,72.9,77,76,3.38,broken clouds
4,Rikitea,PF,-23.1203,-134.9692,76.73,73,43,15.35,scattered clouds
5,Nome,US,64.5011,-165.4064,8.67,78,90,21.85,snow
6,Lebu,CL,-37.6167,-73.65,52.7,89,7,19.93,clear sky
7,Chokurdakh,RU,70.6333,147.9167,-27.22,96,100,9.95,overcast clouds
8,Banda Aceh,ID,5.5577,95.3222,78.08,82,100,10.33,overcast clouds
9,Ushuaia,AR,-54.8,-68.3,53.26,47,20,23.02,few clouds
10,Comodoro Rivadavia,AR,-45.8667,-67.5,57.06,41,0,5.75,clear sky
11,La Ronge,CA,55.1001,-105.2842,7.05,78,90,5.75,light snow
12,Mohpa,IN,21.3167,78.8167,63.75,49,8,4.7,clear sky
13,Hithadhoo,MV,-0.6,73.0833,81.72,76,44,10.0,scattered clouds
14,Luau,AO,-10.7073,22.2247,62.64,96,20,2.86,few clouds
15,Christchurch,NZ,-43.5333,172.6333,82.6,42,23,5.99,few clouds
16,Saskylakh,RU,71.9167,114.0833,-17.16,97,100,13.73,overcast clouds
17,Busselton,AU,-33.65,115.3333,76.08,42,8,7.25,clear sky
18,Bredasdorp,ZA,-34.5322,20.0403,57.27,76,100,6.6,overcast clouds
19,Albany,US,42.6001,-73.9662,31.08,70,4,6.85,clear sky
20,Diyarb Najm,EG,30.7542,31.4393,57.58,76,100,3.65,overcast clouds
21,Hami,CN,42.8,93.45,24.76,58,15,3.2,few clouds
22,Sarangani,PH,5.4033,125.4636,82.29,76,69,8.48,broken clouds
23,Padilla,CO,3.2204,-76.3139,69.37,95,99,3.76,overcast clouds
24,Laishevo,RU,55.4046,49.5504,35.82,95,100,20.51,overcast clouds
25,Port Elizabeth,ZA,-33.918,25.5701,59.09,94,0,3.44,clear sky
26,Ust-Koksa,RU,50.2696,85.6108,18.46,98,84,1.59,broken clouds
27,Vao,NC,-22.6667,167.4833,76.98,77,67,13.56,broken clouds
28,Hobart,AU,-42.8794,147.3294,59.11,62,40,4.0,scattered clouds
29,Airai,TL,-8.9266,125.4092,65.89,82,100,2.91,heavy intensity rain
30,Mataura,NZ,-46.1927,168.8643,65.73,84,100,2.06,overcast clouds
31,Huarmey,PE,-10.0681,-78.1522,67.3,85,99,9.73,overcast clouds
32,Burgeo,CA,47.6167,-57.6152,37.44,79,100,35.41,overcast clouds
33,Rehlingen-Siersburg,DE,49.3667,6.6833,39.13,99,100,8.37,light rain
34,Komsomolskiy,UZ,40.4272,71.7189,41.72,48,100,0.0,overcast clouds
35,Miranda,CO,3.2499,-76.2281,68.13,95,99,4.38,overcast clouds
36,Coihaique,CL,-45.5752,-72.0662,52.41,58,0,4.61,clear sky
37,Flin Flon,CA,54.7682,-101.865,4.98,92,100,5.64,light snow
38,Asau,RO,46.4333,26.4,34.75,79,100,0.94,overcast clouds
39,Altay,CN,47.8667,88.1167,28.53,81,100,1.72,light snow
40,Coquimbo,CL,-29.9533,-71.3436,58.73,88,0,4.61,clear sky
41,Roald,NO,62.5833,6.1333,34.32,69,90,18.41,snow
42,Yellowknife,CA,62.456,-114.3525,-12.59,94,90,13.8,light snow
43,Atlantic City,US,39.3643,-74.4229,47.98,54,90,3.44,overcast clouds
44,Kodiak,US,57.79,-152.4072,9.91,85,1,6.91,clear sky
45,Sao Joao Da Barra,BR,-21.6403,-41.0511,69.96,86,3,5.35,clear sky
46,Carnarvon,AU,-24.8667,113.6333,78.87,69,0,11.5,clear sky
47,Port Lincoln,AU,-34.7333,135.8667,63.64,56,37,11.18,scattered clouds
48,Arraial Do Cabo,BR,-22.9661,-42.0278,71.71,76,1,2.46,clear sky
49,Tosya,TR,41.0155,34.0401,39.43,76,36,3.49,scattered clouds
50,Wairoa,NZ,-39.0333,177.3667,74.55,51,100,4.0,overcast clouds
51,Ternate,ID,0.8,127.4,80.22,81,100,11.16,light rain
52,Kruisfontein,ZA,-34.0033,24.7314,56.88,82,100,2.71,overcast clouds
53,Nantucket,US,41.2835,-70.0995,37.96,52,1,9.22,clear sky
54,Jamestown,US,42.097,-79.2353,35.02,84,90,5.99,overcast clouds
55,North Bend,US,43.4065,-124.2243,49.91,96,1,4.61,mist
56,Chapais,CA,49.7834,-74.8492,4.78,94,100,9.37,overcast clouds
57,Riverton,US,40.5219,-111.9391,50.18,71,1,3.0,clear sky
58,Sitka,US,57.0531,-135.33,28.29,80,40,6.91,light snow
59,Aranos,NA,-24.1333,19.1167,68.05,72,100,11.23,light rain
60,Lake Havasu City,US,34.4839,-114.3224,69.1,19,1,1.01,clear sky
61,Provideniya,RU,64.3833,-173.3,30.18,98,100,13.09,snow
62,Mecca,SA,21.4267,39.8261,70.72,53,0,2.26,clear sky
63,Kapaa,US,22.0752,-159.319,75.52,69,1,3.0,clear sky
64,Lodja,CD,-3.4833,23.4333,69.13,99,100,1.97,light rain
65,Butaritari,KI,3.0707,172.7902,82.29,76,83,12.26,broken clouds
66,Srednekolymsk,RU,67.45,153.6833,-14.53,97,100,12.66,overcast clouds
67,Treinta Y Tres,UY,-33.2333,-54.3833,58.6,91,16,8.41,few clouds
68,Impfondo,CG,1.6381,18.0667,70.65,97,91,1.19,light rain
69,Port Alfred,ZA,-33.5906,26.891,64.83,79,100,6.29,overcast clouds
70,Mareeba,AU,-17.0,145.4333,91.44,53,89,9.15,overcast clouds
71,Alyangula,AU,-13.8483,136.4192,89.69,60,100,7.85,overcast clouds
72,Yahotyn,UA,50.2798,31.7625,24.71,86,52,8.14,broken clouds
73,Puerto Ayora,EC,-0.7393,-90.3518,67.68,91,64,5.79,broken clouds
74,Araouane,ML,18.9048,-3.5265,67.96,18,49,11.41,scattered clouds
75,Zhangye,CN,38.9342,100.4517,29.95,40,0,6.08,clear sky
76,Tuy Hoa,VN,13.0833,109.3,72.07,70,84,13.82,broken clouds
77,Yeppoon,AU,-23.1333,150.7333,85.78,63,0,11.41,clear sky
78,Atuona,PF,-9.8,-139.0333,78.93,71,1,16.33,clear sky
79,East London,ZA,-33.0153,27.9116,64.76,78,98,5.64,overcast clouds
80,Longyearbyen,SJ,78.2186,15.6401,27.91,89,100,12.26,overcast clouds
81,Geraldton,AU,-28.7667,114.6,95.41,18,0,20.71,clear sky
82,Barrow,US,71.2906,-156.7887,-11.18,70,1,23.02,clear sky
83,Bograd,RU,54.2344,90.8328,31.75,75,61,9.33,broken clouds
84,Karasjok,NO,69.4719,25.5112,8.71,100,100,1.01,overcast clouds
85,Henties Bay,NA,-22.116,14.2845,59.86,91,0,6.06,clear sky
86,Noumea,NC,-22.2763,166.4572,86.0,99,89,2.86,light rain
87,Gualaceo,EC,-2.9,-78.7833,62.26,97,100,3.2,overcast clouds
88,Ribeira Grande,PT,38.5167,-28.7,65.25,81,100,11.65,overcast clouds
89,Vaini,TO,-21.2,-175.2,84.36,89,40,11.5,light rain
90,Corinto,GR,37.9407,22.9573,57.45,87,97,5.86,overcast clouds
91,Hof,DE,50.3167,11.9167,31.91,82,90,12.66,overcast clouds
92,Nanortalik,GL,60.1432,-45.2371,30.83,89,100,20.69,snow
93,Clyde River,CA,70.4692,-68.5914,5.23,92,71,14.97,broken clouds
94,Freeport,US,40.6576,-73.5832,42.03,56,1,1.01,clear sky
95,Souillac,MU,-20.5167,57.5167,79.36,88,20,3.44,few clouds
96,Hengshui,CN,37.7322,115.7011,45.72,39,0,2.89,clear sky
97,Bluff,NZ,-46.6,168.3333,59.14,97,99,6.87,overcast clouds
98,Natal,BR,-5.795,-35.2094,81.25,89,75,10.36,broken clouds
99,Avarua,CK,-21.2078,-159.775,77.05,94,75,5.75,moderate rain
100,Salalah,OM,17.0151,54.0924,71.69,46,0,3.44,clear sky
101,Tiarei,PF,-17.5333,-149.3333,86.02,76,75,15.77,broken clouds
102,Torbay,CA,47.6666,-52.7314,43.68,86,40,25.32,scattered clouds
103,Cayenne,GF,4.9333,-52.3333,75.24,88,0,1.99,clear sky
104,Ponta Do Sol,PT,32.6667,-17.1,65.03,69,99,8.93,overcast clouds
105,Tuatapere,NZ,-46.1333,167.6833,63.43,86,87,3.76,overcast clouds
106,Claudio,BR,-20.4433,-44.7658,63.03,93,0,9.64,clear sky
107,Kaa-Khem,RU,51.6833,94.7333,7.61,95,100,2.68,light snow
108,Klaksvik,FO,62.2266,-6.589,34.72,69,93,8.16,light rain
109,Hilo,US,19.7297,-155.09,80.33,80,20,11.5,light rain
110,Farsund,NO,58.0948,6.8047,32.05,65,90,23.04,overcast clouds
111,Severo-Kurilsk,RU,50.6789,156.125,38.46,97,100,14.74,moderate rain
112,Ulladulla,AU,-35.35,150.4667,70.77,90,100,8.55,overcast clouds
113,Port Blair,IN,11.6667,92.75,81.82,77,55,11.21,broken clouds
114,Shimoda,JP,34.6667,138.95,58.1,59,0,27.29,clear sky
115,Bambous Virieux,MU,-20.3428,57.7575,79.21,88,20,3.44,few clouds
116,Bengkulu,ID,-3.8004,102.2655,82.53,71,100,1.81,overcast clouds
117,Mehamn,NO,71.0357,27.8492,19.26,76,29,9.06,scattered clouds
118,Sheboygan,US,43.7333,-87.9334,36.48,90,40,3.0,scattered clouds
119,Turinskaya Sloboda,RU,57.6232,64.3858,21.58,93,26,7.49,scattered clouds
120,Grindavik,IS,63.8424,-22.4338,27.07,93,20,9.22,few clouds
121,Pontianak,ID,-0.0333,109.3333,84.18,74,20,11.5,few clouds
122,Hofn,IS,64.2539,-15.2082,30.69,53,5,9.82,clear sky
123,Isangel,VU,-19.55,169.2667,87.91,58,40,6.91,scattered clouds
124,Bethel,US,41.3712,-73.414,38.48,60,1,1.01,clear sky
125,Taoudenni,ML,22.6783,-3.9836,64.92,17,100,16.49,overcast clouds
126,Tasiilaq,GL,65.6145,-37.6368,23.16,57,0,7.4,clear sky
127,Honiara,SB,-9.4333,159.95,84.63,75,100,3.47,light rain
128,Banjarmasin,ID,-3.3244,114.591,80.74,76,100,4.72,overcast clouds
129,Narsaq,GL,60.9167,-46.05,21.42,61,100,10.29,light snow
130,Shache,CN,38.4167,77.2406,26.96,35,100,2.13,overcast clouds
131,Talnakh,RU,69.4865,88.3972,-25.8,97,96,13.65,overcast clouds
132,Cape Town,ZA,-33.9258,18.4232,63.09,70,20,5.99,few clouds
133,Mazamitla,MX,19.9167,-103.0333,54.57,45,0,1.77,clear sky
134,Nyurba,RU,63.2842,118.3319,4.28,96,100,6.26,light snow
135,Meulaboh,ID,4.1363,96.1285,79.56,75,92,2.82,overcast clouds
136,Ishimbay,RU,53.4545,56.0415,35.22,96,100,14.72,light rain
137,Faya,SA,18.3851,42.4509,48.31,30,0,4.85,clear sky
138,Amurzet,RU,47.6967,131.0981,2.98,74,1,8.9,clear sky
139,Ostrovnoy,RU,68.0531,39.5131,20.21,76,100,3.67,overcast clouds
140,Palmer,US,42.1584,-72.3287,32.49,48,20,3.0,few clouds
141,Oriximina,BR,-1.7656,-55.8661,74.7,96,44,2.42,light rain
142,Jaciara,BR,-15.9653,-54.9683,73.76,90,37,0.85,scattered clouds
143,Muros,ES,42.7762,-9.0603,58.08,94,82,16.22,broken clouds
144,Carauari,BR,-4.8828,-66.8958,73.35,97,93,1.68,overcast clouds
145,Prabumulih,ID,-3.45,104.25,79.48,86,100,3.94,overcast clouds
146,Pisco,PE,-13.7,-76.2167,65.01,88,0,11.5,clear sky
147,Tuktoyaktuk,CA,69.4541,-133.0374,-25.6,68,1,6.91,clear sky
148,Okhotsk,RU,59.3833,143.3,-16.83,88,46,16.55,scattered clouds
149,Nikolskoye,RU,59.7035,30.7861,25.02,95,100,5.46,overcast clouds
150,Thompson,CA,55.7435,-97.8558,-12.84,84,75,5.75,broken clouds
151,Hasaki,JP,35.7333,140.8333,59.29,52,0,4.97,clear sky
152,Rosetta,EG,31.4044,30.4164,62.42,70,100,7.18,overcast clouds
153,Menomonie,US,44.8755,-91.9193,36.39,93,62,8.05,broken clouds
154,Merauke,ID,-8.4667,140.3333,87.67,63,100,5.93,overcast clouds
155,Mar Del Plata,AR,-38.0023,-57.5575,59.09,85,90,1.01,overcast clouds
156,Cap Malheureux,MU,-19.9842,57.6142,79.47,71,23,5.99,few clouds
157,Zheleznodorozhnyy,RU,55.7503,38.0042,28.36,88,24,11.45,few clouds
158,Santa Isabel,BR,-23.3156,-46.2214,67.66,89,99,5.48,overcast clouds
159,Maragogi,BR,-9.0122,-35.2225,78.55,85,40,8.79,scattered clouds
160,Basmat,IN,19.3167,77.1667,64.27,56,38,6.02,scattered clouds
161,Mahebourg,MU,-20.4081,57.7,79.25,88,20,3.44,few clouds
162,Miramar,US,25.9873,-80.2323,73.99,72,20,0.0,few clouds
163,Vung Tau,VN,10.346,107.0843,75.13,82,99,5.37,overcast clouds
164,Houma,US,29.5958,-90.7195,64.4,96,60,5.21,broken clouds
165,Lavrentiya,RU,65.5833,-171.0,20.1,96,100,8.63,snow
166,High Prairie,CA,55.4334,-116.4858,22.3,88,100,2.95,overcast clouds
167,Turkistan,KZ,43.0,68.0,47.8,55,100,3.89,overcast clouds
168,Deputatskiy,RU,69.3,139.9,-40.4,95,57,5.79,broken clouds
169,Mount Isa,AU,-20.7333,139.5,100.17,19,40,18.41,scattered clouds
170,Muroto,JP,33.2833,134.15,51.84,54,5,16.6,clear sky
171,Saint Anthony,US,45.0205,-93.218,35.92,81,1,3.0,clear sky
172,Kawalu,ID,-7.3817,108.2082,82.35,73,94,2.06,overcast clouds
173,Sabzevar,IR,36.2126,57.6819,43.92,85,100,1.92,overcast clouds
174,Georgetown,MY,5.4112,100.3354,82.33,76,20,1.01,few clouds
175,Mazyr,BY,52.0495,29.2456,29.89,85,24,9.78,few clouds
176,Grants Pass,US,42.439,-123.3284,61.48,84,90,0.0,overcast clouds
177,Mount Gambier,AU,-37.8333,140.7667,63.14,55,76,10.31,broken clouds
178,Nishihara,JP,26.1842,127.7558,69.85,44,75,16.11,broken clouds
179,Hanyang,CN,32.1371,105.5126,47.41,63,100,2.21,overcast clouds
180,Paamiut,GL,61.994,-49.6678,27.61,67,100,11.99,light snow
181,Xining,CN,36.6167,101.7667,28.36,31,0,2.73,clear sky
182,Misratah,LY,32.3754,15.0925,56.12,66,71,26.51,broken clouds
183,Wuwei,CN,37.9281,102.6414,35.6,21,0,1.83,clear sky
184,Khatanga,RU,71.9667,102.5,-19.35,97,100,15.82,overcast clouds
185,Kuzovatovo,RU,53.5468,47.6866,36.21,81,97,16.13,overcast clouds
186,Cisternino,IT,40.7445,17.4243,51.22,70,100,23.4,overcast clouds
187,Soyo,AO,-6.1349,12.3689,78.58,87,100,8.55,light rain
188,Ilinskoye-Khovanskoye,RU,56.9718,39.7684,29.53,88,71,13.29,broken clouds
189,Opuwo,NA,-18.0607,13.84,67.17,39,63,2.98,broken clouds
190,Codrington,AU,-38.2667,141.9667,62.33,65,50,16.98,scattered clouds
191,Pevek,RU,69.7008,170.3133,-7.67,94,100,14.34,overcast clouds
192,Beroroha,MG,-21.6667,45.1667,76.59,65,0,5.75,clear sky
193,Bilma,NE,18.6853,12.9164,67.77,20,4,7.11,clear sky
194,Xam Nua,LA,20.4197,104.0439,58.66,40,16,2.44,few clouds
195,Udayagiri,IN,20.1333,84.3833,61.02,98,100,2.53,overcast clouds
196,Shitanjing,CN,39.2342,106.3439,34.32,16,40,4.03,scattered clouds
197,Cravo Norte,CO,6.3017,-70.2041,78.73,70,91,4.63,overcast clouds
198,Gushikawa,JP,26.3544,127.8686,69.8,42,20,18.41,few clouds
199,Buala,SB,-8.145,159.5921,84.36,72,100,0.63,light rain
200,Maniitsoq,GL,65.4167,-52.9,25.21,48,100,18.5,overcast clouds
201,Novonikolayevskiy,RU,50.9738,42.3649,43.79,84,100,1.01,overcast clouds
202,Kasongo-Lunda,CD,-6.4667,16.8167,68.05,98,100,0.67,overcast clouds
203,Sao Filipe,CV,14.8961,-24.4956,74.95,68,100,10.11,overcast clouds
204,Mogadishu,SO,2.0371,45.3438,79.07,74,14,12.1,few clouds
205,La Ligua,CL,-32.4524,-71.2311,58.78,67,0,1.32,clear sky
206,Inzer,RU,54.2167,57.5556,35.56,98,100,6.91,overcast clouds
207,Angarsk,RU,52.5367,103.8864,11.12,91,96,3.69,overcast clouds
208,Margate,GB,51.3813,1.3862,42.96,86,7,2.55,clear sky
209,Leshukonskoye,RU,64.8989,45.7622,-4.88,98,21,5.44,few clouds
210,Cherskiy,RU,68.75,161.3,-9.58,97,100,15.9,light snow
211,Kavaratti,IN,10.5669,72.642,81.16,74,98,2.01,overcast clouds
212,Kabo,CF,7.6994,18.629,74.97,58,97,1.43,overcast clouds
213,Qaanaaq,GL,77.484,-69.3632,6.67,92,100,3.49,overcast clouds
214,Port-Gentil,GA,-0.7193,8.7815,79.34,80,100,6.04,overcast clouds
215,Saint-Philippe,RE,-21.3585,55.7679,76.55,85,36,8.57,scattered clouds
216,Biak,ID,-0.9131,122.8766,82.36,71,100,0.56,light rain
217,Ebolowa,CM,2.9,11.15,69.04,98,100,1.12,overcast clouds
218,Beringovskiy,RU,63.05,179.3167,12.78,74,20,11.63,few clouds
219,Millau,FR,44.0833,2.9167,48.99,98,100,9.71,overcast clouds
220,Tilichiki,RU,60.4667,166.1,18.09,86,59,4.12,broken clouds
221,Enterprise,US,36.0252,-115.2419,61.34,35,1,3.0,clear sky
222,Chapada Dos Guimaraes,BR,-15.4606,-55.7497,73.06,92,67,3.67,broken clouds
223,Itoman,JP,26.1247,127.6694,70.57,43,75,25.32,broken clouds
224,Cartagena,CO,10.3997,-75.5144,80.22,89,20,8.05,few clouds
225,Samarai,PG,-10.6167,150.6667,84.07,74,64,9.08,broken clouds
226,Soe,ID,-9.8607,124.284,69.53,91,100,2.53,moderate rain
227,Kangaatsiaq,GL,68.3065,-53.4641,20.46,61,100,29.48,overcast clouds
228,Chernigovka,RU,44.3389,132.5728,8.49,75,55,9.84,broken clouds
229,Kaduna,NG,10.5222,7.4383,66.18,29,98,6.46,overcast clouds
230,Durgapur,IN,23.4833,87.3167,70.74,65,100,1.41,overcast clouds
231,Lakes Entrance,AU,-37.8811,147.981,67.15,51,40,11.34,scattered clouds
232,Manado,ID,1.487,124.8455,84.97,70,20,6.91,few clouds
233,Guangyuan,CN,32.442,105.823,49.84,59,100,2.08,overcast clouds
234,Upernavik,GL,72.7868,-56.1549,10.42,70,92,9.24,overcast clouds
235,Cidreira,BR,-30.1811,-50.2056,68.61,81,52,19.15,broken clouds
236,Arlit,NE,18.7369,7.3853,68.92,16,42,5.68,scattered clouds
237,Timizart,DZ,36.8,4.2667,43.99,75,37,5.64,scattered clouds
238,Haines Junction,CA,60.7522,-137.5108,-13.05,77,100,0.0,overcast clouds
239,Lengshuitan,CN,26.4111,111.5956,56.26,44,95,1.32,overcast clouds
240,Vila Franca Do Campo,PT,37.7167,-25.4333,62.2,81,8,2.42,clear sky
241,Maxixe,MZ,-23.8597,35.3472,74.66,96,76,3.36,broken clouds
242,Carutapera,BR,-1.195,-46.02,76.55,92,100,5.06,overcast clouds
243,Puerto Leguizamo,CO,-0.1934,-74.7819,71.56,99,100,1.88,overcast clouds
244,Peniche,PT,39.3558,-9.3811,56.62,87,85,11.74,overcast clouds
245,New Norfolk,AU,-42.7826,147.0587,56.75,46,88,5.01,overcast clouds
246,Katsuura,JP,35.1333,140.3,60.19,56,0,24.09,clear sky
247,Aksarka,RU,66.5606,67.7975,-8.77,98,100,8.63,overcast clouds
248,Pozo Colorado,PY,-23.4923,-58.7972,78.08,40,3,5.97,clear sky
249,Richards Bay,ZA,-28.783,32.0377,70.41,83,100,5.61,overcast clouds
250,Bamako,ML,12.65,-8.0,74.46,20,36,4.29,scattered clouds
251,Antofagasta,CL,-23.65,-70.4,61.88,76,23,6.76,few clouds
252,Siena,IT,43.2167,11.4,40.95,82,34,2.1,scattered clouds
253,Batemans Bay,AU,-35.7167,150.1833,76.19,84,100,7.81,overcast clouds
254,Hibbing,US,47.4272,-92.9377,28.0,46,1,11.5,clear sky
255,Wanning,CN,18.8003,110.3967,69.71,51,26,12.17,scattered clouds
256,Chancay,PE,-11.5714,-77.2672,69.31,88,100,6.87,overcast clouds
257,Barabinsk,RU,55.3571,78.357,23.54,94,100,14.72,light snow
258,Laguna,US,38.421,-121.4238,61.25,96,1,3.44,fog
259,Ancud,CL,-41.8697,-73.8203,51.33,87,0,2.08,clear sky
260,Esperance,AU,-33.8667,121.9,73.24,50,0,14.16,clear sky
261,Korem,ET,12.5058,39.5228,45.68,75,0,2.62,clear sky
262,Chuy,UY,-33.6971,-53.4616,60.37,86,61,6.69,broken clouds
263,San Andres,CO,12.5847,-81.7006,82.42,83,90,16.11,overcast clouds
264,Twin Falls,US,42.3505,-114.6445,40.89,75,1,8.05,clear sky
265,Los Barrios,ES,36.1848,-5.4921,55.22,54,0,9.22,clear sky
266,San Patricio,US,28.017,-97.5169,73.49,86,2,9.04,clear sky
267,Luganville,VU,-15.5333,167.1667,84.65,69,50,9.71,scattered clouds
268,Monrovia,LR,6.3005,-10.7969,78.75,86,98,7.16,light rain
269,Namatanai,PG,-3.6667,152.4333,85.41,70,53,12.26,light rain
270,Doha,QA,25.2867,51.5333,66.18,52,0,10.36,clear sky
271,Marseille,FR,43.3333,5.5,45.84,86,100,5.17,light rain
272,Huilong,CN,31.8111,121.655,55.98,50,0,2.17,clear sky
273,Inhambane,MZ,-23.865,35.3833,75.34,96,73,4.25,broken clouds
274,San-Pedro,CI,4.7485,-6.6363,78.55,86,99,5.19,overcast clouds
275,Conde,BR,-7.2597,-34.9075,80.06,89,40,5.75,scattered clouds
276,Kenai,US,60.5544,-151.2583,2.03,89,1,3.44,mist
277,Luderitz,NA,-26.6481,15.1594,60.53,80,77,9.91,broken clouds
278,Santander,ES,43.4647,-3.8044,54.72,70,40,9.22,scattered clouds
279,Karratha,AU,-20.7377,116.8463,100.96,19,36,7.49,scattered clouds
280,Victoria,HK,22.2855,114.1577,68.04,34,48,1.99,scattered clouds
281,Ilulissat,GL,69.2167,-51.1,12.22,57,71,24.16,broken clouds
282,Kaseda,JP,31.4167,130.3167,51.03,61,72,19.57,broken clouds
283,Dingle,PH,10.9995,122.6711,80.13,78,87,14.16,overcast clouds
284,Hamilton,US,39.1834,-84.5333,50.94,63,1,4.61,clear sky
285,Cockburn Town,TC,21.4612,-71.1419,79.56,76,37,16.51,scattered clouds
286,Nuuk,GL,64.1835,-51.7216,27.21,43,75,21.85,light shower snow
287,Ipixuna,BR,-1.7625,-48.8043,76.95,92,100,3.13,moderate rain
288,Castro,BR,-24.7911,-50.0119,59.31,92,75,11.61,broken clouds
289,Elizabeth City,US,36.2946,-76.2511,53.62,83,1,5.75,clear sky
290,Armizonskoye,RU,55.9461,67.6736,21.87,93,20,10.47,few clouds
291,Rafaela,AR,-31.2503,-61.4867,74.98,39,100,3.0,overcast clouds
292,Vardo,NO,70.3705,31.1107,26.31,74,100,9.24,overcast clouds
293,Fortuna,US,40.5982,-124.1573,52.36,75,90,0.0,overcast clouds
294,Fare,PF,-16.7,-151.0167,81.37,69,82,18.28,broken clouds
295,Bilibino,RU,68.0546,166.4372,-20.85,97,100,9.73,overcast clouds
296,Bolivar,US,37.6145,-93.4105,62.91,69,100,8.57,overcast clouds
297,Oktyabrskiy,RU,54.4815,53.471,35.89,97,100,16.35,overcast clouds
298,Camacha,PT,33.0833,-16.3333,61.56,67,75,11.5,broken clouds
299,Ondjiva,AO,-17.0667,15.7333,72.27,69,100,6.08,overcast clouds
300,Aden,YE,12.7794,45.0367,78.73,62,1,12.15,clear sky
301,Caravelas,BR,-17.7125,-39.2481,72.18,93,48,1.36,scattered clouds
302,Acapulco,MX,16.8634,-99.8901,82.22,74,40,3.44,scattered clouds
303,Vanderhoof,CA,54.0166,-124.0198,23.58,72,8,3.8,clear sky
304,Mangrol,IN,21.1167,70.1167,69.75,60,25,8.19,scattered clouds
305,Sao Borja,BR,-28.6606,-56.0044,71.94,62,74,10.2,broken clouds
306,Guerrero Negro,MX,27.9769,-114.0611,62.96,81,66,13.0,broken clouds
307,Peleduy,RU,59.6289,112.7406,28.72,95,100,14.76,snow
308,Saldanha,ZA,-33.0117,17.9442,60.85,79,93,14.56,overcast clouds
309,Ardakan,IR,32.31,54.0175,41.38,60,0,0.98,clear sky
310,Port Hardy,CA,50.6996,-127.4199,39.2,100,90,2.3,overcast clouds
311,Marfino,RU,55.7028,37.3822,28.09,87,20,11.18,few clouds
312,Astana,KZ,51.1801,71.446,24.75,80,90,15.66,overcast clouds
313,Coahuayana,MX,18.7333,-103.6833,80.08,89,90,0.58,overcast clouds
314,Iqaluit,CA,63.7506,-68.5145,1.13,77,40,15.01,scattered clouds
315,Kardla,EE,58.9978,22.7492,25.05,76,85,2.28,overcast clouds
316,Moundsville,US,39.9203,-80.7431,42.15,79,40,2.37,scattered clouds
317,Makakilo City,US,21.3469,-158.0858,73.29,65,75,11.5,broken clouds
318,Bafoulabe,ML,13.8065,-10.8321,81.5,15,54,7.36,broken clouds
319,Warwick,US,41.7001,-71.4162,35.69,56,1,0.0,clear sky
320,Arroyo Grande,US,35.1186,-120.5907,55.04,79,90,8.05,overcast clouds
321,Presidencia Roque Saenz Pena,AR,-26.7852,-60.4388,70.34,64,42,6.69,light rain
322,Dunedin,NZ,-45.8742,170.5036,63.19,86,100,6.46,light rain
323,Zhanakorgan,KZ,43.9098,67.2495,44.82,48,99,12.26,overcast clouds
324,Tabou,CI,4.423,-7.3528,78.35,86,97,6.55,light rain
325,Northam,GB,51.0333,-4.2167,48.42,88,100,32.19,overcast clouds
326,Verkhnevilyuysk,RU,63.4453,120.3167,0.23,96,100,9.31,light snow
327,Lompoc,US,34.6391,-120.4579,56.57,85,90,4.61,overcast clouds
328,San Isidro,PE,-12.1167,-77.05,69.01,81,0,1.99,clear sky
329,Lata,PT,40.1629,-8.3327,51.82,89,100,2.75,overcast clouds
330,Livramento,BR,-3.0254,-60.1803,77.67,100,40,1.14,moderate rain
331,Vieques,PR,18.425,-65.8329,80.62,78,75,4.61,broken clouds
332,Atar,MR,20.5169,-13.0499,67.01,27,100,7.38,overcast clouds
333,Naze,JP,28.3667,129.4833,61.72,57,24,20.0,few clouds
334,Aklavik,CA,68.2191,-135.0107,-21.17,85,1,9.08,clear sky
335,Saint George,US,37.1041,-113.5841,58.53,34,1,1.99,clear sky
336,Kiruna,SE,67.8557,20.2251,4.12,92,90,0.0,light snow
337,Leningradskiy,RU,69.3833,178.4167,2.7,90,100,17.02,overcast clouds
338,Te Anau,NZ,-45.4167,167.7167,59.9,97,100,3.2,overcast clouds
339,Liverpool,GB,53.4106,-2.9779,45.68,89,75,1.01,broken clouds
340,Catamarca,AR,-28.4696,-65.7852,77.05,83,59,8.01,broken clouds
341,Pangnirtung,CA,66.1451,-65.7125,12.34,74,100,8.46,overcast clouds
342,Lasa,IT,46.6166,10.7002,30.94,66,100,3.22,overcast clouds
343,Alofi,NU,-19.0595,-169.9187,82.29,78,98,16.11,overcast clouds
344,Zaraza,VE,9.3503,-65.3245,73.58,89,66,5.28,broken clouds
345,Trat,TH,12.5,102.5,76.91,62,99,10.51,overcast clouds
346,Dicabisagan,PH,17.0818,122.4157,71.89,84,99,11.27,overcast clouds
347,Balkhash,KZ,46.844,74.9804,20.01,86,0,13.42,clear sky
348,Kaitangata,NZ,-46.2817,169.8464,60.33,96,100,5.39,light rain
349,Savannakhet,LA,16.566,104.751,69.82,60,20,4.61,few clouds
350,Muisne,EC,0.6,-80.0333,75.27,87,100,8.41,overcast clouds
351,Kununurra,AU,-15.7667,128.7333,96.78,49,100,6.91,overcast clouds
352,Gondanglegi,ID,-7.7479,112.0132,85.8,70,87,3.2,overcast clouds
353,Rio Grande,BR,-32.035,-52.0986,65.44,76,4,12.08,clear sky
354,Yerbogachen,RU,61.2767,108.0108,28.51,90,100,14.09,light snow
355,Garmsar,IR,35.2182,52.3409,42.6,61,0,1.86,clear sky
356,Xuanhua,CN,40.6103,115.0447,37.36,30,0,2.75,clear sky
357,Krutinka,RU,56.0055,71.5113,26.6,88,98,13.82,overcast clouds
358,La Romana,DO,18.4273,-68.9728,78.53,94,20,0.0,few clouds
359,Veraval,IN,20.9,70.3667,72.45,57,43,9.26,scattered clouds
360,Kavieng,PG,-2.5744,150.7967,84.81,69,90,6.96,overcast clouds
361,Manzanillo,CU,20.3433,-77.1167,72.68,89,53,10.0,broken clouds
362,Cabo San Lucas,MX,22.8909,-109.9124,79.52,72,1,3.44,clear sky
363,Inirida,CO,3.8653,-67.9239,73.35,94,100,1.25,overcast clouds
364,San Pietro Vernotico,IT,40.4853,17.9997,55.04,67,40,18.41,scattered clouds
365,Bridgeton,US,39.4273,-75.2341,48.11,62,90,3.44,overcast clouds
366,Sekoma,BW,-24.4,23.8833,69.89,73,58,14.18,broken clouds
367,Ulaangom,MN,49.9811,92.0667,10.67,83,100,3.06,overcast clouds
368,Cedar City,US,37.6775,-113.0619,47.39,42,1,6.91,clear sky
369,San Lazaro,BZ,18.0387,-88.6622,70.65,94,11,3.65,few clouds
370,Valdez,EC,1.2492,-78.9831,76.12,89,100,10.96,overcast clouds
371,Warrnambool,AU,-38.3833,142.4833,61.81,69,79,14.54,broken clouds
372,Xai-Xai,MZ,-25.0519,33.6442,73.4,94,48,2.86,scattered clouds
373,Lahat,ID,-3.8,103.5333,80.02,85,100,1.99,overcast clouds
374,Guane,CU,22.2025,-84.0875,67.1,83,0,5.77,clear sky
375,Storsteinnes,NO,69.2408,19.2344,19.4,90,5,6.93,clear sky
376,Bukama,CD,-9.2,25.85,67.55,93,35,2.06,scattered clouds
377,Quatre Cocos,MU,-20.2078,57.7625,80.1,70,16,10.22,few clouds
378,Necochea,AR,-38.5473,-58.7368,51.04,77,98,10.58,overcast clouds
379,Ciudad Bolivar,VE,8.1222,-63.5497,77.99,76,81,10.42,broken clouds
380,Jalu,LY,29.0331,21.5482,61.12,30,100,7.0,overcast clouds
381,Namibe,AO,-15.1961,12.1522,70.83,71,92,5.97,overcast clouds
382,Yukhnov,RU,54.7444,35.2297,28.44,80,89,13.6,overcast clouds
383,Fairbanks,US,64.8378,-147.7164,-19.39,66,1,0.0,clear sky
384,Blankenberge,BE,51.3131,3.1323,41.97,91,93,8.79,overcast clouds
385,Shubarkuduk,KZ,49.1447,56.4872,31.26,94,81,6.44,broken clouds
386,Nemuro,JP,43.3236,145.575,41.43,79,100,6.87,overcast clouds
387,Tagum,PH,7.4478,125.8078,85.91,64,74,8.39,broken clouds
388,Marawi,PH,7.9986,124.2928,73.65,73,93,4.56,overcast clouds
389,Verkhoyansk,RU,67.5447,133.385,-51.05,100,65,1.5,broken clouds
390,Kuntaur,GM,13.6667,-14.8833,76.82,17,98,2.19,overcast clouds
391,Kangaba,ML,11.9333,-8.4167,72.86,22,69,4.74,broken clouds
392,Sistranda,NO,63.7256,8.834,27.9,65,95,18.03,light snow
393,Gboko,NG,7.3179,8.9951,74.35,47,14,5.23,few clouds
394,Terrace,CA,54.5163,-128.6035,36.43,100,75,12.66,light shower snow
395,Vanavara,RU,60.34,102.2797,28.67,91,100,12.15,overcast clouds
396,Benemerito De Las Americas,MX,16.5167,-90.6439,69.62,99,52,1.12,broken clouds
397,Sagarejo,GE,41.734,45.3315,30.63,52,6,4.32,clear sky
398,Balabac,PH,7.9868,117.0645,82.06,81,99,13.58,light rain
399,Itaberai,BR,-16.0203,-49.8103,69.64,90,89,2.33,overcast clouds
400,Vallenar,CL,-28.5708,-70.7581,68.05,48,0,2.46,clear sky
401,Lashio,MM,22.9333,97.75,67.17,66,66,0.11,broken clouds
402,Muravlenko,RU,63.7898,74.523,-1.39,96,100,6.13,overcast clouds
403,Itaituba,BR,-4.2761,-55.9836,72.84,99,100,1.28,overcast clouds
404,Prykolotne,UA,50.1604,37.3474,35.37,86,100,8.93,overcast clouds
405,Mersing,MY,2.4312,103.8405,78.71,89,40,12.66,scattered clouds
406,Porto Novo,BJ,6.4965,2.6036,82.22,85,100,3.22,overcast clouds
407,Chimoio,MZ,-19.1164,33.4833,67.05,94,1,2.17,clear sky
408,Waddan,LY,29.1614,16.139,52.47,49,43,15.5,scattered clouds
409,Ginda,IN,30.6945,78.4932,53.76,32,0,4.18,clear sky
410,Grand-Santi,GF,4.25,-54.3833,71.74,99,90,2.01,overcast clouds
411,Inverell,AU,-29.7833,151.1167,87.12,52,28,8.99,scattered clouds
412,Jos,NG,9.9167,8.9,61.57,32,97,2.57,overcast clouds
413,Qujing,CN,25.4833,103.7833,48.67,79,100,4.88,overcast clouds
414,Sabang,ID,5.8933,95.3214,80.62,76,100,21.68,overcast clouds
415,Hobbs,US,32.7026,-103.136,62.67,37,1,5.01,clear sky
416,Broome,US,42.2506,-75.833,33.55,71,90,4.0,overcast clouds
417,Port Augusta,AU,-32.5,137.7667,79.7,27,31,20.94,scattered clouds
418,Sorland,NO,67.667,12.6934,31.32,56,56,26.11,broken clouds
419,Cao Bang,VN,22.6667,106.25,68.74,42,89,0.58,overcast clouds
420,Axim,GH,4.8699,-2.2405,78.69,87,93,5.79,overcast clouds
421,Ouadda,CF,8.0777,22.4007,70.45,42,17,4.54,few clouds
422,Kamenka,RU,51.3223,42.7678,43.75,78,100,19.04,overcast clouds
423,Bondo,CD,3.8146,23.6866,69.66,95,100,1.72,overcast clouds
424,Syracuse,IT,37.0881,15.2792,53.19,72,100,18.45,overcast clouds
425,Rawson,AR,-43.3002,-65.1023,58.82,53,5,22.66,clear sky
426,Virginia Beach,US,36.8529,-75.978,52.0,67,1,1.01,clear sky
427,Saint-Prosper,CA,46.2117,-70.4811,15.69,84,100,12.1,overcast clouds
428,Walvis Bay,NA,-22.9575,14.5053,60.1,94,0,3.44,clear sky
429,Tessalit,ML,20.1986,1.0114,64.4,20,30,10.38,scattered clouds
430,Canavieiras,BR,-15.675,-38.9472,73.8,90,99,4.12,light rain
431,Shrigonda,IN,18.6167,74.6833,70.56,70,42,6.22,scattered clouds
432,Taltal,CL,-25.4,-70.4833,63.45,74,14,1.34,few clouds
433,Aktau,KZ,43.65,51.2,36.18,76,97,21.23,overcast clouds
434,Panalingaan,PH,8.7842,117.4231,84.76,71,64,3.47,broken clouds
435,Katherine,AU,-14.4667,132.2667,98.92,36,93,4.61,overcast clouds
436,Pendleton,US,45.6721,-118.7886,43.21,80,1,5.75,clear sky
437,Flinders,AU,-34.5833,150.8552,69.8,79,96,12.91,overcast clouds
438,Iranshahr,IR,27.2025,60.6848,57.54,58,75,4.61,broken clouds
439,Omboue,GA,-1.5746,9.2618,76.17,89,100,3.6,overcast clouds
440,Forestville,US,38.8451,-76.875,49.53,67,90,0.0,overcast clouds
441,Celestun,MX,20.8667,-90.4,76.3,76,93,12.3,overcast clouds
442,Cap-Aux-Meules,CA,47.3821,-61.8597,30.25,74,90,28.77,light snow
443,Lingao,CN,19.9103,109.6859,71.1,42,19,14.92,few clouds
444,Hastings,GB,50.8552,0.5729,46.53,93,90,4.85,overcast clouds
445,Chardara,KZ,41.2547,67.9692,48.2,70,100,3.62,overcast clouds
446,Abu Samrah,SY,35.3029,37.1841,52.02,59,100,6.76,overcast clouds
447,Atambua,ID,-9.1061,124.8925,78.94,74,100,2.13,heavy intensity rain
448,Khovu-Aksy,RU,51.1333,93.6,14.14,79,100,1.32,overcast clouds
449,Portland,US,45.5234,-122.6762,43.84,89,1,5.01,clear sky
450,Beyneu,KZ,45.3167,55.2,31.5,74,6,10.31,clear sky
451,Novyy Urgal,RU,51.0736,132.5642,-9.65,90,81,1.03,broken clouds
452,Coro,VE,11.4045,-69.6734,77.09,88,88,11.43,overcast clouds
453,Vestmannaeyjar,IS,63.4427,-20.2734,33.4,79,74,12.8,broken clouds
454,Progreso,MX,21.2833,-89.6667,76.1,73,91,13.04,overcast clouds
455,Andenes,NO,69.3143,16.1194,24.78,58,40,12.66,scattered clouds
456,Beaverlodge,CA,55.2166,-119.4361,22.35,77,100,2.24,overcast clouds
457,Gryazovets,RU,58.88,40.2525,29.23,94,100,11.99,snow
458,Tutoia,BR,-2.7619,-42.2744,80.8,80,80,10.4,broken clouds
459,Varhaug,NO,58.6147,5.6457,36.48,74,100,20.38,overcast clouds
460,Ust-Kuyga,RU,70.0167,135.6,-40.81,98,56,9.35,broken clouds
461,Kachiry,KZ,53.0675,76.1036,21.63,90,93,14.92,overcast clouds
462,Dossor,KZ,47.5272,52.9811,34.74,68,100,11.34,overcast clouds
463,Lorengau,PG,-2.0226,147.2712,83.93,79,58,7.85,broken clouds
464,Kodinsk,RU,58.6881,99.1844,32.63,84,100,13.4,overcast clouds
465,Port Hedland,AU,-20.3167,118.5667,111.25,8,11,16.11,few clouds
466,Saint-Michel-Des-Saints,CA,46.6834,-73.9159,8.6,84,74,7.92,broken clouds
467,Ishigaki,JP,24.3448,124.1572,68.13,52,75,18.41,broken clouds
468,Koscian,PL,52.0883,16.6487,36.32,73,100,13.27,overcast clouds
469,Farmington,US,36.7281,-108.2187,45.28,40,1,4.61,clear sky
470,Watertown,US,42.3709,-71.1828,34.0,57,1,1.01,clear sky
471,Kahului,US,20.8947,-156.47,73.42,91,90,21.85,light rain
472,Mayo,US,38.8876,-76.5119,50.41,67,90,0.0,overcast clouds
473,Daru,PG,-9.0763,143.2092,84.18,75,100,5.61,overcast clouds
474,Houston,US,29.7633,-95.3633,72.41,84,20,3.0,mist
475,Svetlogorsk,BY,52.6333,29.7333,29.75,85,75,9.31,broken clouds
476,Basco,PH,20.4487,121.9702,72.37,62,91,28.39,overcast clouds
477,Harlingen,US,26.1906,-97.6961,74.34,95,1,8.05,clear sky
478,Talara,PE,-4.5772,-81.2719,66.45,88,14,14.85,few clouds
479,Kijang,KR,35.2442,129.2139,44.33,40,0,10.94,clear sky
480,Teya,RU,60.3778,92.6267,23.47,86,100,11.65,overcast clouds
481,Tiksi,RU,71.6872,128.8694,-31.34,99,42,5.5,scattered clouds
482,Takhtamygda,RU,54.1,123.5667,2.48,71,99,1.25,overcast clouds
483,Uarini,BR,-2.99,-65.1083,73.49,97,99,1.5,overcast clouds
484,Xacmaz,AZ,41.4635,48.806,43.32,59,0,3.42,clear sky
485,Rauma,FI,61.1272,21.5113,21.24,90,96,7.9,overcast clouds
486,Buluang,PH,13.3068,123.3425,81.25,65,100,8.86,overcast clouds
487,Labuan,MY,5.2767,115.2417,82.76,83,20,3.0,few clouds
488,Shingu,JP,33.7333,135.9833,52.79,51,3,14.07,clear sky
489,Imperia,IT,43.9667,7.7833,42.4,51,35,5.37,scattered clouds
490,Lagoa,PT,39.05,-27.9833,63.93,85,100,11.39,overcast clouds
491,Saint-Denis,FR,48.9167,2.3333,54.14,96,90,5.01,light intensity drizzle
492,Yumen,CN,40.2833,97.2,33.98,24,0,11.99,clear sky
493,Catia La Mar,VE,10.6038,-67.0303,80.49,83,40,2.3,scattered clouds
494,Ahuimanu,US,21.4447,-157.8378,73.45,68,75,19.57,broken clouds
495,Labrea,BR,-7.2586,-64.7981,74.32,96,100,2.06,overcast clouds
496,Tazovskiy,RU,67.4667,78.7,-21.96,94,100,9.31,overcast clouds
497,Faanui,PF,-16.4833,-151.75,81.46,72,28,18.14,scattered clouds
498,Norman Wells,CA,65.282,-126.8329,-41.76,66,20,3.44,few clouds
499,Fukue,JP,32.6881,128.8419,53.96,47,20,13.8,few clouds
500,Partizanskoye,RU,55.5006,94.39,28.13,76,48,21.05,scattered clouds
501,Ayr,GB,55.4627,-4.6339,43.11,81,40,13.8,scattered clouds
502,Lianzhou,CN,24.7811,112.3825,62.71,33,6,3.06,clear sky
503,Los Llanos De Aridane,ES,28.6585,-17.9182,61.12,64,75,11.99,broken clouds
504,Olafsvik,IS,64.8945,-23.7142,35.53,60,79,2.48,broken clouds
505,Obihiro,JP,42.9172,143.2044,40.41,73,39,11.36,scattered clouds
506,Nalut,LY,30.3333,10.85,42.94,75,0,8.7,clear sky
507,Amargosa,BR,-13.0303,-39.6047,69.39,98,100,2.82,moderate rain
508,Kamina,CD,-8.7386,24.9906,62.73,93,37,1.54,scattered clouds
509,Waipawa,NZ,-41.4122,175.5153,63.45,61,100,6.87,light rain
510,Toba Tek Singh,PK,30.9743,72.4827,61.63,30,0,3.22,clear sky
511,Lundazi,ZM,-12.2929,33.1782,67.19,66,3,7.49,clear sky
512,Wewak,PG,-3.5534,143.6268,86.54,68,63,8.25,broken clouds
513,Raton,US,36.9034,-104.4391,45.64,54,1,11.5,clear sky
514,North Platte,US,41.1239,-100.7654,42.39,57,1,3.0,clear sky
515,Swan Hill,AU,-35.3378,143.5544,73.85,29,0,13.47,clear sky
516,Mayachnyy,RU,52.6839,55.685,32.95,94,100,12.91,overcast clouds
517,Itarema,BR,-2.9248,-39.9167,80.37,80,77,12.75,broken clouds
518,Alta Floresta,BR,-9.8756,-56.0861,71.38,99,100,3.49,very heavy rain
519,Vila Velha,BR,-20.3297,-40.2925,71.55,93,75,1.01,broken clouds
520,Copiapo,CL,-27.3667,-70.3333,55.09,52,2,1.05,clear sky
521,Cairns,AU,-16.9167,145.7667,97.07,54,98,17.27,overcast clouds
522,Sayat,TM,38.7839,63.8803,39.07,54,92,9.13,overcast clouds
523,Katobu,ID,-4.9408,122.5276,79.2,87,100,7.14,moderate rain
524,Heyang,CN,26.1011,107.473,57.09,61,26,2.93,scattered clouds
525,Vaitape,PF,-16.5167,-151.75,81.48,71,26,18.1,scattered clouds
526,Mana,GF,5.6592,-53.7767,76.78,89,80,7.56,broken clouds
527,Port Macquarie,AU,-31.4333,152.9167,78.76,78,75,11.5,thunderstorm
528,Pyu,MM,18.4833,96.4333,77.56,68,18,2.35,few clouds
529,Harper,LR,4.375,-7.7169,78.58,86,100,7.45,overcast clouds
530,Tallahassee,US,30.4383,-84.2807,62.62,92,75,0.0,broken clouds
531,Tres Arroyos,AR,-38.3739,-60.2798,51.85,80,86,7.45,overcast clouds
532,Kharhial,IN,20.2833,82.7667,68.38,73,100,5.59,overcast clouds
533,Baoding,CN,38.8511,115.4903,46.89,32,0,4.94,clear sky
534,Kigoma,TZ,-4.8769,29.6267,71.82,79,73,5.73,broken clouds
535,Khilok,RU,51.3674,110.4676,27.07,55,9,3.04,clear sky
536,Apache Junction,US,33.4151,-111.5496,69.46,35,1,3.0,clear sky
537,Lewiston,US,44.1003,-70.2148,28.31,54,1,6.91,clear sky
538,Poso,ID,-1.3959,120.7524,80.6,79,100,1.77,overcast clouds
539,Luanda,AO,-8.8368,13.2343,78.8,83,75,6.91,light rain
540,Punta Alta,AR,-38.8759,-62.0736,55.71,72,80,11.92,broken clouds
541,Yaan,NG,7.3833,8.5667,72.86,42,23,4.47,few clouds
542,Tevriz,RU,57.509,72.4042,23.0,93,100,8.52,overcast clouds
543,San Cristobal,VE,7.7669,-72.225,71.78,88,92,1.52,overcast clouds
544,Santa Maria,BR,-29.6842,-53.8069,69.1,73,0,13.8,clear sky
545,Goderich,CA,43.7501,-81.7165,35.91,75,96,4.61,overcast clouds
546,Kingman,US,35.1894,-114.053,54.3,27,1,0.0,clear sky
547,Hirara,JP,24.8,125.2833,68.27,56,40,13.8,scattered clouds
548,Blackwater,AU,-23.5833,148.8833,95.36,28,0,8.28,clear sky
549,Tuzha,RU,57.6062,47.936,36.52,97,100,15.88,overcast clouds
550,Gull Lake,CA,50.1001,-108.4847,21.56,56,100,4.5,overcast clouds
551,Segovia,ES,41.1667,-4.0,44.82,93,100,12.73,overcast clouds
552,Khandyga,RU,62.6667,135.6,-35.05,91,20,3.85,few clouds
553,Ust-Nera,RU,64.5667,143.2,-30.82,98,78,2.84,broken clouds
554,Roma,US,43.2128,-75.4557,33.66,73,90,3.44,overcast clouds
555,Helong,CN,42.5397,128.9972,15.46,64,4,11.48,clear sky
556,Ken Caryl,US,39.5773,-105.1169,50.77,54,1,1.99,clear sky
557,Dhone,IN,15.4167,77.8833,75.52,64,99,1.45,overcast clouds
558,Drexel Heights,US,32.1412,-111.0284,68.97,33,1,1.01,clear sky
559,Malkapur,IN,20.8833,76.2,70.86,44,17,6.02,few clouds
560,Zhigansk,RU,66.7697,123.3711,-22.47,88,100,23.69,overcast clouds
561,Am Timan,TD,11.0297,20.2827,74.73,33,8,6.89,clear sky
562,San Vicente,AR,-26.6167,-54.1333,63.97,63,15,3.04,few clouds
563,Okakarara,NA,-20.5833,17.4333,69.13,67,100,7.23,light rain
564,Chorozinho,BR,-4.3003,-38.4978,83.8,89,96,2.95,overcast clouds
565,Trincomalee,LK,8.5711,81.2335,78.71,76,100,3.38,overcast clouds
566,El Campo,US,29.1966,-96.2697,70.29,94,1,4.61,clear sky
567,Nikolsk,RU,53.7189,46.0712,38.19,75,100,21.61,overcast clouds
568,Ketchikan,US,55.3422,-131.6461,30.67,93,40,4.61,scattered clouds
569,Guarapari,BR,-20.6667,-40.4975,71.49,89,100,1.59,overcast clouds
570,Puerto Del Rosario,ES,28.5004,-13.8627,65.95,77,0,16.11,clear sky
571,Weligama,LK,5.9667,80.4167,80.58,79,83,1.36,broken clouds
572,Djibo,BF,14.1022,-1.6306,74.48,18,35,7.63,scattered clouds
573,Gunnedah,AU,-30.9833,150.25,90.84,27,21,13.78,few clouds
574,Tevaitoa,PF,-16.7833,-151.5,81.54,70,24,18.19,few clouds
575,Kailua,US,21.4022,-157.7394,73.74,71,99,21.21,overcast clouds
576,Umm Lajj,SA,25.0213,37.2685,74.19,54,50,7.36,scattered clouds
577,Rocha,UY,-34.4833,-54.3333,57.78,94,62,5.23,broken clouds
578,Sterling,US,39.0062,-77.4286,49.44,70,75,3.0,broken clouds
579,Newport,GB,51.5877,-2.9984,46.76,93,99,6.62,moderate rain
580,Ivanivka,UA,46.7208,34.553,42.98,86,100,10.96,overcast clouds
581,Kyabe,TD,9.4515,18.9449,75.9,32,7,4.23,clear sky
582,Wattegama,LK,6.7989,81.4808,74.32,81,67,1.81,broken clouds
583,Krasnoselkup,RU,65.7,82.4667,-21.24,94,93,8.95,overcast clouds
584,Beloha,MG,-25.1667,45.05,75.54,53,0,2.37,clear sky
585,Berlevag,NO,70.8578,29.0864,23.43,74,34,11.92,scattered clouds
586,Shulan,CN,44.4167,126.95,13.33,61,7,3.51,clear sky
587,Poum,NC,-20.2333,164.0167,81.12,74,29,16.51,light rain
588,Aginskoye,RU,51.1,114.53,25.3,60,53,2.75,broken clouds
589,Kapuskasing,CA,49.4169,-82.4331,3.2,78,90,2.3,overcast clouds
590,Maceio,BR,-9.6658,-35.7353,81.84,78,75,5.75,broken clouds
591,Tinskoy,RU,56.1525,96.9161,32.09,76,89,18.7,overcast clouds
592,Arvika,SE,59.6553,12.5852,18.21,84,100,6.51,overcast clouds
593,Sao Miguel Do Araguaia,BR,-13.275,-50.1628,73.96,92,100,2.37,overcast clouds
594,Dongsheng,CN,39.8161,109.9776,31.87,17,6,6.17,clear sky
595,Yulara,AU,-25.2406,130.9889,100.24,14,0,14.97,clear sky
596,Acarau,BR,-2.8856,-40.12,80.22,82,58,12.77,broken clouds
597,Quibdo,CO,5.6947,-76.6611,73.92,99,98,2.35,overcast clouds
598,Dharchula,IN,29.85,80.5333,59.97,46,0,5.55,clear sky
599,Kiama,AU,-34.6833,150.8667,70.0,84,99,1.99,overcast clouds
600,Bakel,SN,14.905,-12.4568,78.13,14,65,10.31,broken clouds
601,Sakhnovshchyna,UA,49.1517,35.872,36.19,85,100,9.55,light rain
602,Likhoslavl,RU,57.1275,35.464,25.34,92,100,12.73,light snow
603,Gritsovskiy,RU,54.1376,38.1604,27.41,87,39,14.18,scattered clouds
604,Marsh Harbour,BS,26.5412,-77.0636,73.63,61,95,6.53,overcast clouds
605,Piripiri,BR,-4.2733,-41.7769,76.51,85,88,2.84,moderate rain
606,Ankazoabo,MG,-22.2833,44.5167,76.95,51,0,2.15,clear sky
607,Umm Kaddadah,SD,13.6017,26.6876,67.48,37,0,12.35,clear sky
608,Takoradi,GH,4.8845,-1.7554,79.39,85,87,7.63,overcast clouds
609,Chukhloma,RU,58.7525,42.6825,30.07,99,100,4.34,snow
610,Atikokan,CA,48.7555,-91.6216,24.15,79,99,13.06,overcast clouds
611,Tetouan,MA,35.5711,-5.3724,54.37,62,0,14.97,clear sky
612,Dostpur,IN,26.2833,82.4667,67.24,56,88,2.26,overcast clouds
613,Ushtobe,KZ,45.2514,77.9838,43.45,68,100,4.09,overcast clouds
614,Alto Araguaia,BR,-17.3147,-53.2153,70.92,89,19,2.39,few clouds
615,Milledgeville,US,33.0801,-83.2321,63.79,76,1,0.0,clear sky
616,Bogorodsk,RU,56.1033,43.5158,33.15,98,100,14.76,light snow
617,Boras,SE,57.721,12.9401,26.55,89,99,10.2,light snow
618,Prince Rupert,CA,54.3161,-130.3201,40.69,88,90,11.5,light rain
619,Blackfoot,US,43.1905,-112.345,48.54,65,98,1.63,overcast clouds
620,Buraydah,SA,26.326,43.975,50.45,45,100,4.99,overcast clouds
621,Kita,ML,13.0349,-9.4895,72.88,22,93,4.07,overcast clouds
622,Iracoubo,GF,5.4802,-53.2011,76.5,91,41,8.25,scattered clouds
623,Kilindoni,TZ,-7.9139,39.6668,79.86,80,12,12.93,moderate rain
624,Hope,US,33.6671,-93.5916,66.25,98,100,4.14,overcast clouds
625,Deniliquin,AU,-35.5333,144.9667,74.68,28,0,14.34,clear sky
626,Mwinilunga,ZM,-11.7358,24.4293,61.05,91,13,1.19,few clouds
627,Balikpapan,ID,-1.2675,116.8289,85.19,74,20,5.75,few clouds
628,Mountain Home,US,43.133,-115.6912,44.78,100,1,0.0,clear sky
629,Poronaysk,RU,49.2167,143.1167,13.3,74,16,13.89,few clouds
630,Erzin,TR,36.9559,36.2,48.72,51,100,6.31,overcast clouds
631,Moree,AU,-29.4667,149.85,89.62,33,75,14.97,broken clouds
632,Havelock,US,34.8791,-76.9013,57.94,84,0,5.93,clear sky
633,Rabaul,PG,-4.1967,152.1721,83.62,74,62,6.69,light rain
634,Kem,RU,64.9555,34.5793,19.36,79,73,13.11,broken clouds
635,Iralaya,HN,15.0,-83.2333,76.84,89,94,9.71,overcast clouds
636,Goulburn,AU,-34.75,149.7167,73.65,39,0,10.2,clear sky
637,Dauphin,CA,51.1494,-100.0502,19.54,73,75,13.8,broken clouds
638,Itaueira,BR,-7.6033,-43.0256,73.42,89,61,2.33,broken clouds
639,Plettenberg Bay,ZA,-34.0527,23.3716,60.24,78,100,2.04,overcast clouds
640,Dutlwe,BW,-23.9833,23.9,70.79,71,60,14.74,broken clouds
641,Kirkuk,IQ,35.4681,44.3922,50.77,43,91,4.5,overcast clouds
642,Puerto Colombia,CO,10.9878,-74.9547,82.49,78,74,24.87,broken clouds
643,Lodwar,KE,3.1191,35.5973,79.09,57,49,7.49,scattered clouds
644,Ankazobe,MG,-18.3167,47.1167,64.81,88,15,5.01,few clouds
645,Tyup,KG,42.7276,78.3648,29.53,74,99,4.29,overcast clouds
646,Chumphon,TH,10.3333,98.8333,78.91,65,78,9.26,broken clouds
647,Puerto Baquerizo Moreno,EC,-0.9,-89.6,67.41,91,4,8.03,clear sky
648,Kolyvan,RU,55.3053,82.7391,25.05,91,100,14.52,overcast clouds
649,Ransang,PH,8.9603,117.5828,84.07,72,27,1.01,scattered clouds
650,Vanimo,PG,-2.6741,141.3028,85.23,74,100,6.85,overcast clouds
651,Serowe,BW,-22.3833,26.7167,75.54,43,16,10.83,few clouds
652,Boa Vista,BR,2.8197,-60.6733,78.78,78,0,6.91,clear sky
653,Yar-Sale,RU,66.8333,70.8333,-8.37,97,100,9.55,overcast clouds
654,Dakar,SN,14.6937,-17.4441,70.68,66,97,19.08,overcast clouds
655,Sirjan,IR,29.452,55.6814,42.37,64,0,4.05,clear sky
656,Riyadh,SA,24.6877,46.7219,48.34,40,81,5.21,broken clouds
657,Okahandja,NA,-21.9833,16.9167,61.83,35,98,3.51,overcast clouds
658,Betare Oya,CM,5.6,14.0833,69.84,82,98,2.64,overcast clouds
659,Bozeman,US,45.6796,-111.0386,44.71,65,90,3.0,overcast clouds
660,Boralday,KZ,43.3578,76.8594,35.46,80,75,4.47,mist
661,Outjo,NA,-20.1167,16.15,64.33,42,94,4.25,overcast clouds
662,Inuvik,CA,68.3499,-133.7218,-17.39,69,1,3.44,clear sky
663,Megion,RU,61.0296,76.1136,23.02,93,100,15.08,light snow
664,Imbituba,BR,-28.24,-48.6703,71.82,89,100,9.78,light rain
665,Russell,US,32.3502,-85.1999,60.03,100,1,3.44,mist
666,Thinadhoo,MV,0.5333,72.9333,82.4,76,29,11.65,scattered clouds
667,Borovskoy,KZ,53.8,64.15,25.81,95,19,9.35,few clouds
668,Dong Hoi,VN,17.4833,106.6,69.01,62,79,10.92,broken clouds
669,Yarmouth,US,41.7057,-70.2286,37.96,58,1,6.91,clear sky
670,Puerto Carreno,CO,6.189,-67.4859,79.09,65,57,5.82,broken clouds
671,Vestmanna,FO,62.1564,-7.1664,32.92,86,75,2.3,broken clouds
672,Nalvo,PH,16.8096,120.5108,81.16,49,11,6.13,few clouds
673,Lafiagi,NG,8.8667,5.4167,73.33,28,100,2.04,overcast clouds
674,Aleysk,RU,52.4926,82.7822,27.7,88,71,17.98,broken clouds
675,Ugoofaaru,MV,5.6667,73.0,81.9,76,7,5.39,clear sky
676,Moose Factory,CA,51.2585,-80.6094,-2.2,71,1,8.05,clear sky
677,Kadoma,JP,34.7333,135.5833,53.65,42,40,6.91,scattered clouds
678,Picton,AU,-34.1833,150.6,70.02,73,43,11.03,scattered clouds
679,Papara,BR,-3.9839,-38.7273,82.72,89,83,2.98,broken clouds
680,Alice Springs,AU,-23.7,133.8833,96.35,16,0,11.5,clear sky
681,Strezhevoy,RU,60.7333,77.5889,22.98,91,100,13.73,overcast clouds
682,Balingasay,PH,16.3573,119.8564,79.7,63,53,7.76,broken clouds
683,Seoul,KR,37.5683,126.9778,40.57,42,0,4.61,clear sky
684,Barra Do Garcas,BR,-15.89,-52.2567,75.15,88,85,0.38,overcast clouds
685,Lewistown,US,40.5992,-77.5714,43.9,65,75,0.0,broken clouds
686,Aykhal,RU,66.0,111.5,-2.06,99,100,9.95,light snow
687,Altenstadt,DE,50.2833,8.95,37.15,93,100,6.91,light snow
688,Grand Gaube,MU,-20.0064,57.6608,80.38,70,29,5.01,scattered clouds
689,Kidal,ML,18.4411,1.4078,69.85,18,19,8.05,few clouds
690,Santa Luzia,BR,-19.7697,-43.8514,68.9,83,40,9.22,scattered clouds
691,Mount Darwin,ZW,-16.7725,31.5838,70.07,52,0,3.51,clear sky
692,Owando,CG,-0.4819,15.8999,71.13,94,100,2.55,overcast clouds
693,Hambantota,LK,6.1241,81.1185,75.54,100,75,3.44,broken clouds
694,Loknya,RU,56.83,30.1467,21.02,89,95,11.12,overcast clouds
695,Uvat,RU,59.1433,68.8953,19.2,92,96,8.7,overcast clouds
696,Iquique,CL,-20.2208,-70.1431,64.44,69,13,3.44,few clouds
